{"$schema":"https://elsaworkflows.io/schemas/workflow-definition/v3.0.0/schema.json","id":"3dca4a9bac07a1e8","definitionId":"e50e29c958572139","name":"Working","createdAt":"2025-01-14T13:52:16.3544964\u002B00:00","version":1,"toolVersion":"3.0.0.0","variables":[],"inputs":[],"outputs":[],"outcomes":[],"customProperties":{},"isReadonly":false,"isSystem":false,"isLatest":true,"isPublished":false,"options":{"autoUpdateConsumingWorkflows":false},"root":{"type":"Elsa.Flowchart","version":1,"id":"ed86e9764a63fbc8","nodeId":"Workflow1:ed86e9764a63fbc8","metadata":{},"customProperties":{"source":"FlowchartJsonConverter.cs:45","notFoundConnections":[],"canStartWorkflow":false,"runAsynchronously":false},"activities":[{"id":"a96cc317c5471584","nodeId":"Workflow1:ed86e9764a63fbc8:a96cc317c5471584","name":"CreateOrderActivity1","type":"Server.Activities.CreateOrderActivity","version":1,"customProperties":{"canStartWorkflow":false,"runAsynchronously":false},"metadata":{"designer":{"position":{"x":-240,"y":20},"size":{"width":179.5749969482422,"height":49.60000228881836}}}},{"messageType":"Server.Messages.Responses.OrderCreated, Server","result":null,"id":"e96b7a5439eb66ea","nodeId":"Workflow1:ed86e9764a63fbc8:e96b7a5439eb66ea","name":"1","type":"Server.Messages.Responses.OrderCreated","version":1,"customProperties":{"canStartWorkflow":false,"runAsynchronously":false},"metadata":{"designer":{"position":{"x":-240,"y":134.0999908447267},"size":{"width":180,"height":40}}}},{"id":"5029d0e5f0cfaa9","nodeId":"Workflow1:ed86e9764a63fbc8:5029d0e5f0cfaa9","name":"Finish1","type":"Elsa.Finish","version":1,"customProperties":{"canStartWorkflow":false,"runAsynchronously":false},"metadata":{"designer":{"position":{"x":-240.2125015258789,"y":236.0999755859376},"size":{"width":180,"height":40}}}}],"connections":[{"source":{"activity":"a96cc317c5471584","port":"Done"},"target":{"activity":"e96b7a5439eb66ea","port":"In"}},{"source":{"activity":"e96b7a5439eb66ea","port":"Done"},"target":{"activity":"5029d0e5f0cfaa9","port":"In"}}]}}