{"$schema":"https://elsaworkflows.io/schemas/workflow-definition/v3.0.0/schema.json","id":"bede1cd7134e2c12","definitionId":"4720ddcac95ea03e","name":"Not working","createdAt":"2025-01-14T13:56:28.57505\u002B00:00","version":1,"toolVersion":"3.2.0.0","variables":[],"inputs":[],"outputs":[],"outcomes":[],"customProperties":{},"isReadonly":false,"isSystem":false,"isLatest":true,"isPublished":false,"options":{"autoUpdateConsumingWorkflows":false},"root":{"type":"Elsa.Flowchart","version":1,"id":"7a4402a1f42622cf","nodeId":"Workflow1:7a4402a1f42622cf","metadata":{},"customProperties":{"source":"FlowchartJsonConverter.cs:45","notFoundConnections":[],"canStartWorkflow":false,"runAsynchronously":false},"activities":[{"id":"7568c3e26d798c54","nodeId":"Workflow1:7a4402a1f42622cf:7568c3e26d798c54","name":"CreateOrderActivity1","type":"Server.Activities.CreateOrderActivity","version":1,"customProperties":{"canStartWorkflow":false,"runAsynchronously":false},"metadata":{"designer":{"position":{"x":-205.20001220703125,"y":52.399993896484446},"size":{"width":220,"height":40}}}},{"messageType":"Server.Messages.Responses.OrderConfirmed, Server","result":null,"id":"93dd871bafbbff31","nodeId":"Workflow1:7a4402a1f42622cf:93dd871bafbbff31","name":"2","type":"Server.Messages.Responses.OrderConfirmed","version":1,"customProperties":{"canStartWorkflow":false,"runAsynchronously":false},"metadata":{"designer":{"position":{"x":-205.20001220703125,"y":300.39999389648443},"size":{"width":220,"height":40}}}},{"messageType":"Server.Messages.Responses.OrderCreated, Server","result":null,"id":"c59a21b369bc4f86","nodeId":"Workflow1:7a4402a1f42622cf:c59a21b369bc4f86","name":"1","type":"Server.Messages.Responses.OrderCreated","version":1,"customProperties":{"canStartWorkflow":false,"runAsynchronously":false},"metadata":{"designer":{"position":{"x":-205.20001220703125,"y":130.39999389648463},"size":{"width":220,"height":40}}}},{"id":"338fe66cb5f031f6","nodeId":"Workflow1:7a4402a1f42622cf:338fe66cb5f031f6","name":"ConfirmOrderActivity1","type":"Server.Activities.ConfirmOrderActivity","version":1,"customProperties":{"canStartWorkflow":false,"runAsynchronously":false},"metadata":{"designer":{"position":{"x":-205.20001220703125,"y":216.39999389648435},"size":{"width":220,"height":40}}}},{"id":"38503c8d6c0d61ac","nodeId":"Workflow1:7a4402a1f42622cf:38503c8d6c0d61ac","name":"ShipOrderActivity1","type":"Server.Activities.ShipOrderActivity","version":1,"customProperties":{"canStartWorkflow":false,"runAsynchronously":false},"metadata":{"designer":{"position":{"x":-205.20001220703125,"y":384.3999938964844},"size":{"width":220,"height":40}}}},{"messageType":"Server.Messages.Responses.OrderShipped, Server","result":null,"id":"a68f8416cadec95f","nodeId":"Workflow1:7a4402a1f42622cf:a68f8416cadec95f","name":"3","type":"Server.Messages.Responses.OrderShipped","version":1,"customProperties":{"canStartWorkflow":false,"runAsynchronously":false},"metadata":{"designer":{"position":{"x":-205.20001220703125,"y":465.3999938964846},"size":{"width":220,"height":40}}}},{"id":"7a4ac2fffd049884","nodeId":"Workflow1:7a4402a1f42622cf:7a4ac2fffd049884","name":"Finish1","type":"Elsa.Finish","version":1,"customProperties":{"canStartWorkflow":false,"runAsynchronously":false},"metadata":{"designer":{"position":{"x":-200,"y":540},"size":{"width":220,"height":40}}}}],"connections":[{"source":{"activity":"7568c3e26d798c54","port":"Done"},"target":{"activity":"c59a21b369bc4f86","port":"In"}},{"source":{"activity":"c59a21b369bc4f86","port":"Done"},"target":{"activity":"338fe66cb5f031f6","port":"In"}},{"source":{"activity":"338fe66cb5f031f6","port":"Done"},"target":{"activity":"93dd871bafbbff31","port":"In"}},{"source":{"activity":"93dd871bafbbff31","port":"Done"},"target":{"activity":"38503c8d6c0d61ac","port":"In"}},{"source":{"activity":"38503c8d6c0d61ac","port":"Done"},"target":{"activity":"a68f8416cadec95f","port":"In"}},{"source":{"activity":"a68f8416cadec95f","port":"Done"},"target":{"activity":"7a4ac2fffd049884","port":"In"}}]}}